player_id,player_name,GP,PTS,REB,AST,STL,BLK,TOV,FG_PCT,FG3_PCT,FT_PCT,MIN
2544,LeBron James,1622,26.8,7.5,7.4,1.5,0.7,3.5,0.507,0.348,0.737,37.6
201939,Stephen Curry,1069,24.8,4.7,6.3,1.5,0.3,3.1,0.471,0.422,0.912,34.0
203932,Aaron Gordon,756,13.7,6.2,2.7,0.7,0.6,1.5,0.485,0.335,0.698,29.2
1628988,Aaron Holiday,505,6.4,1.5,1.9,0.6,0.2,0.8,0.421,0.384,0.852,16.1
1630174,Aaron Nesmith,333,9.6,3.4,1.2,0.6,0.4,0.9,0.453,0.383,0.828,22.6
1630598,Aaron Wiggins,339,8.7,3.2,1.4,0.7,0.3,0.9,0.487,0.38,0.784,20.3
1642846,Ace Bailey,72,13.8,4.2,1.8,0.8,0.7,1.5,0.443,0.344,0.75,27.6
1641737,Adem Bona,129,5.3,4.3,0.5,0.4,1.2,0.9,0.646,0.286,0.69,16.6
1642876,Adou Thiero,25,1.9,1.1,0.4,0.3,0.1,0.4,0.516,0.333,0.636,5.9
1631260,AJ Green,242,7.3,2.0,1.3,0.4,0.1,0.6,0.426,0.42,0.857,20.2
1642358,AJ Johnson,77,4.9,1.5,1.6,0.3,0.1,0.8,0.357,0.245,0.857,14.2
1630639,A.J. Lawson,107,4.9,1.9,0.6,0.3,0.1,0.4,0.439,0.339,0.661,10.6
1642349,Ajay Mitchell,93,10.8,2.8,2.9,1.0,0.2,1.2,0.487,0.356,0.863,22.2
201143,Al Horford,1183,12.7,7.7,3.2,0.8,1.1,1.4,0.507,0.376,0.764,31.2
1630828,Alex Antetokounmpo,6,3.2,1.0,0.2,0.0,0.2,0.2,0.375,0.286,0.733,3.3
1627936,Alex Caruso,473,6.8,2.9,2.7,1.3,0.5,1.1,0.438,0.365,0.762,21.8
2682,Alex Garcia,10,4.7,1.5,1.8,0.6,0.1,0.9,0.322,0.278,0.667,15.8
1642259,Alex Sarr,115,14.4,6.9,2.5,0.7,1.7,1.7,0.433,0.316,0.685,27.1
1642918,Alijah Martin,23,2.2,0.9,0.5,0.3,0.2,0.3,0.32,0.19,0.789,6.3
1631214,Alondes Williams,13,4.2,2.1,1.0,0.2,0.3,0.7,0.556,0.316,0.889,9.6
1630578,Alperen Sengun,358,16.9,8.6,4.5,1.0,0.9,2.6,0.518,0.281,0.699,29.3
1641735,Amari Bailey,10,2.3,0.9,0.7,0.3,0.0,0.4,0.333,0.125,0.857,6.4
1641708,Amen Thompson,210,14.3,7.6,4.0,1.4,0.8,2.0,0.541,0.219,0.731,31.3
1629599,Amir Coffey,369,6.2,1.8,1.1,0.4,0.1,0.5,0.457,0.382,0.834,17.5
203083,Andre Drummond,967,12.1,11.9,1.2,1.2,1.2,1.7,0.539,0.217,0.489,26.3
1641748,Andre Jackson Jr.,172,2.7,2.1,1.0,0.4,0.1,0.7,0.44,0.341,0.597,11.4
1629614,Andrew Nembhard,265,11.1,2.7,5.2,1.0,0.1,1.8,0.457,0.344,0.809,28.1
203952,Andrew Wiggins,834,18.2,4.5,2.3,1.0,0.7,1.8,0.451,0.362,0.728,33.5
1629014,Anfernee Simons,444,14.9,2.5,3.2,0.5,0.1,1.6,0.432,0.381,0.881,26.6
1641710,Anthony Black,211,9.5,2.9,2.7,1.0,0.5,1.5,0.441,0.338,0.724,23.5
203076,Anthony Davis,807,24.0,10.7,2.6,1.3,2.3,2.0,0.522,0.295,0.793,34.4
1630162,Anthony Edwards,442,24.6,5.2,4.1,1.3,0.6,2.9,0.453,0.369,0.802,34.8
1630264,Anthony Gill,285,3.8,1.9,0.7,0.3,0.2,0.4,0.545,0.312,0.749,11.0
1641810,Antonio Reeves,54,6.1,1.3,0.8,0.4,0.1,0.6,0.459,0.408,0.8,13.5
1630574,Ariel Hukporti,79,2.1,2.7,0.5,0.1,0.5,0.7,0.595,0.25,0.696,9.1
1642422,Armel Traore,9,1.6,1.7,0.1,0.4,0.2,0.3,0.316,0.0,0.286,7.3
1642854,Asa Newell,44,5.2,2.2,0.6,0.4,0.3,0.5,0.538,0.387,0.552,11.3
1641709,Ausar Thompson,195,9.6,5.8,2.5,1.6,0.9,1.4,0.515,0.204,0.6,24.6
1630559,Austin Reaves,331,15.8,3.9,4.5,0.8,0.3,1.9,0.483,0.368,0.865,30.8
1630245,Ayo Dosunmu,348,11.1,3.0,3.3,0.8,0.4,1.4,0.505,0.38,0.804,27.9
1628389,Bam Adebayo,640,16.2,9.0,3.6,1.1,0.8,2.1,0.522,0.316,0.759,30.8
1631248,Baylor Scheierman,108,5.0,3.1,1.4,0.5,0.1,0.5,0.429,0.378,0.86,16.8
1642879,Ben Saraf,44,7.5,2.1,3.3,0.9,0.2,2.3,0.396,0.211,0.83,20.8
1641767,Ben Sheppard,185,5.6,2.5,1.4,0.6,0.1,0.4,0.419,0.342,0.827,18.6
1631097,Bennedict Mathurin,263,16.2,4.7,1.9,0.7,0.2,1.9,0.442,0.336,0.838,28.6
1641731,Bilal Coulibaly,178,10.8,4.5,2.6,1.2,0.8,1.6,0.426,0.313,0.734,28.8
202687,Bismack Biyombo,892,5.0,5.8,0.7,0.3,1.2,0.9,0.537,0.0,0.552,19.1
1631104,Blake Wesley,187,4.4,1.5,2.4,0.6,0.1,1.1,0.416,0.294,0.617,13.8
1626171,Bobby Portis,721,12.1,7.1,1.3,0.6,0.4,1.1,0.479,0.393,0.761,22.9
1641752,Bobi Klintman,20,1.9,1.3,0.7,0.3,0.1,0.4,0.405,0.333,0.2,5.7
203992,Bogdan Bogdanović,526,14.0,3.3,3.2,1.0,0.2,1.4,0.436,0.381,0.845,28.0
1630538,Bones Hyland,257,9.2,2.1,2.6,0.7,0.2,1.2,0.411,0.37,0.832,16.9
203078,Bradley Beal,807,21.4,4.0,4.3,1.1,0.4,2.4,0.464,0.376,0.821,34.3
1642382,Branden Carlson,74,4.9,2.4,0.6,0.2,0.6,0.3,0.498,0.349,0.659,9.9
1641764,Brandin Podziemski,220,11.6,5.3,3.6,1.0,0.2,1.3,0.452,0.375,0.757,27.4
1629634,Brandon Clarke,309,10.2,5.5,1.3,0.7,0.8,0.7,0.605,0.266,0.697,20.8
1627742,Brandon Ingram,572,19.8,5.2,4.2,0.7,0.6,2.5,0.469,0.366,0.792,33.1
1641706,Brandon Miller,166,19.0,4.6,3.0,1.0,0.6,2.2,0.431,0.373,0.863,31.8
1641729,Brice Sensabaugh,178,12.0,3.1,1.7,0.6,0.1,1.6,0.45,0.38,0.851,21.2
1642355,Bronny James,69,2.7,0.6,1.1,0.4,0.1,0.6,0.374,0.348,0.81,8.1
201572,Brook Lopez,1180,15.4,5.9,1.5,0.6,1.8,1.5,0.494,0.353,0.797,29.8
1642964,Brooks Barnhizer,40,1.7,2.0,0.6,0.3,0.1,0.3,0.38,0.292,0.7,8.7
1628971,Bruce Brown,539,8.7,4.2,2.4,0.9,0.5,1.1,0.476,0.344,0.767,24.8
1631121,Bryce McGowens,160,5.6,1.8,1.1,0.4,0.2,0.6,0.438,0.351,0.771,16.1
1642267,Bub Carrington,164,10.3,3.8,4.5,0.6,0.2,2.0,0.412,0.374,0.765,28.8
1631205,Buddy Boeheim,24,2.3,0.7,0.3,0.1,0.0,0.0,0.258,0.25,0.833,7.9
1627741,Buddy Hield,765,14.5,4.0,2.4,0.9,0.3,1.6,0.433,0.395,0.856,27.4
1630595,Cade Cunningham,272,22.5,5.4,8.0,1.1,0.7,3.8,0.449,0.34,0.84,33.8
1631216,Caleb Houstan,186,3.9,1.4,0.5,0.3,0.1,0.3,0.397,0.378,0.844,13.4
1628997,Caleb Martin,369,7.7,3.7,1.6,0.8,0.4,1.0,0.447,0.357,0.719,22.8
1642353,Cam Christie,68,2.6,1.3,0.5,0.3,0.1,0.4,0.368,0.226,0.741,7.9
1642285,Cam Spencer,97,9.3,2.2,4.5,0.6,0.1,1.0,0.466,0.438,0.948,20.3
1630560,Cam Thomas,257,14.9,2.4,2.1,0.5,0.1,1.5,0.435,0.34,0.851,22.8
1641715,Cam Whitmore,119,10.5,3.3,0.8,0.6,0.3,0.9,0.45,0.349,0.712,17.3
1629661,Cameron Johnson,394,12.8,3.9,2.0,0.8,0.3,0.9,0.457,0.396,0.849,27.1
1626166,Cameron Payne,499,7.7,2.0,3.2,0.7,0.2,1.1,0.417,0.366,0.837,17.5
1627747,Caris LeVert,584,13.2,3.6,3.9,1.0,0.4,1.7,0.436,0.344,0.733,26.9
1642868,Carter Bryant,71,4.2,2.5,0.7,0.2,0.3,0.5,0.408,0.335,0.714,11.5
1641717,Cason Wallace,227,7.9,2.9,2.2,1.5,0.4,0.8,0.463,0.374,0.803,24.7
1642907,Cedric Coward,62,13.6,5.9,2.8,0.6,0.4,1.7,0.471,0.338,0.843,25.8
1629646,Charles Bassey,126,4.5,4.3,0.8,0.4,0.9,0.7,0.635,0.231,0.657,11.2
1642404,Chaz Lanier,34,2.4,0.7,0.5,0.2,0.0,0.1,0.315,0.284,0.833,7.7
1631096,Chet Holmgren,183,16.5,8.3,2.1,0.7,2.1,1.6,0.534,0.369,0.785,28.9
1628449,Chris Boucher,416,8.7,5.1,0.5,0.5,0.9,0.5,0.487,0.336,0.779,17.6
1641753,Chris Livingston,45,1.4,1.3,0.2,0.2,0.0,0.2,0.429,0.063,0.762,4.7
1643024,Chris Mañon,9,0.8,1.1,0.3,0.6,0.2,0.1,0.333,0.0,0.75,5.1
101108,Chris Paul,1370,16.8,4.4,9.2,2.0,0.2,2.3,0.469,0.37,0.87,33.5
1642959,Chris Youngblood,34,2.1,0.8,0.4,0.1,0.1,0.1,0.349,0.333,0.9,5.4
1631128,Christian Braun,281,9.6,3.9,1.8,0.7,0.4,0.8,0.526,0.365,0.758,24.6
1631132,Christian Koloko,122,2.8,2.8,0.5,0.4,0.8,0.4,0.493,0.08,0.648,12.3
1643047,CJ Huntley,4,3.0,1.3,0.5,0.3,0.0,0.0,0.545,0.0,0.0,10.0
203468,CJ McCollum,863,19.5,3.6,3.8,0.9,0.4,1.8,0.453,0.395,0.796,31.9
203991,Clint Capela,739,11.1,9.9,1.0,0.7,1.4,1.0,0.613,0.125,0.546,24.8
1629632,Coby White,472,15.4,3.6,3.9,0.7,0.2,1.9,0.434,0.369,0.856,29.3
1628998,Cody Martin,263,6.1,3.7,2.2,1.0,0.4,0.9,0.434,0.305,0.658,21.8
1642262,Cody Williams,117,7.0,2.7,1.7,0.6,0.4,1.0,0.419,0.237,0.711,23.0
1641732,Colby Jones,70,3.2,1.9,0.9,0.5,0.3,0.5,0.433,0.247,0.63,10.2
1630175,Cole Anthony,355,12.0,4.1,3.8,0.7,0.4,1.9,0.419,0.343,0.841,23.8
1631221,Collin Gillespie,137,9.4,3.1,3.5,1.0,0.2,1.1,0.423,0.405,0.851,21.7
1642867,Collin Murray-Boyles,57,8.5,5.0,1.9,0.9,0.9,1.0,0.579,0.34,0.657,21.8
1629012,Collin Sexton,475,18.3,2.7,3.6,0.8,0.1,2.3,0.472,0.389,0.841,29.0
1642843,Cooper Flagg,70,21.0,6.7,4.5,1.2,0.9,2.3,0.468,0.295,0.827,33.5
1630557,Corey Kispert,350,10.7,2.7,1.5,0.4,0.2,0.9,0.473,0.38,0.803,24.7
1641854,Craig Porter Jr.,166,4.6,2.4,2.4,0.6,0.4,0.9,0.486,0.377,0.688,13.9
1642938,Curtis Jones,10,2.9,1.1,1.0,0.4,0.0,0.2,0.407,0.333,0.5,8.7
1626156,D'Angelo Russell,655,17.0,3.3,5.6,1.0,0.3,2.6,0.427,0.363,0.793,29.4
1631342,Daeqwon Plowden,38,10.2,2.8,1.1,0.6,0.2,0.8,0.447,0.35,0.863,24.1
1630625,Dalano Banton,222,6.6,2.2,2.0,0.5,0.4,1.1,0.401,0.303,0.732,14.4
1631207,Dalen Terry,218,3.5,1.7,1.2,0.5,0.2,0.5,0.443,0.314,0.638,11.2
1642261,Dalton Knecht,132,7.1,2.2,0.7,0.3,0.1,0.5,0.46,0.368,0.755,15.5
203081,Damian Lillard,900,25.1,4.3,6.7,1.0,0.3,2.8,0.439,0.371,0.899,36.2
1629655,Daniel Gafford,433,9.3,5.8,1.1,0.5,1.5,1.0,0.702,0.0,0.674,20.1
1642450,Daniss Jenkins,79,8.6,2.1,3.6,0.8,0.2,1.5,0.407,0.366,0.822,18.7
1642874,Danny Wolf,57,8.9,4.9,2.2,0.5,0.6,1.3,0.405,0.322,0.771,20.8
203957,Danté Exum,320,6.2,1.9,2.3,0.4,0.2,1.2,0.435,0.343,0.765,18.8
1629610,DaQuan Jeffries,114,4.7,2.1,0.8,0.4,0.3,0.5,0.421,0.32,0.804,16.0
203967,Dario Šarić,498,10.3,5.3,1.9,0.6,0.2,1.5,0.443,0.36,0.838,22.3
1641727,Dariq Whitehead,28,7.7,2.0,0.9,0.4,0.1,0.9,0.397,0.38,0.643,16.1
1629636,Darius Garland,427,18.9,2.6,6.7,1.1,0.1,2.9,0.454,0.389,0.866,32.9
1641747,DaRon Holmes II,25,3.7,1.4,0.6,0.0,0.2,0.5,0.508,0.444,0.786,8.4
1631223,David Roddy,173,6.3,2.9,1.0,0.4,0.2,0.8,0.424,0.301,0.693,16.9
1630558,Davion Mitchell,371,7.9,1.9,3.9,0.7,0.2,1.2,0.452,0.355,0.687,23.3
1630549,Day'Ron Sharpe,253,7.0,5.9,1.5,0.6,0.6,1.2,0.564,0.274,0.658,15.5
1628368,De'Aaron Fox,603,21.1,3.9,6.1,1.4,0.4,2.7,0.472,0.331,0.747,33.0
1629631,De'Andre Hunter,372,14.7,4.1,1.6,0.7,0.3,1.4,0.447,0.364,0.825,29.6
1629001,De'Anthony Melton,405,9.5,3.6,2.7,1.4,0.5,1.4,0.41,0.358,0.789,22.9
1629731,Dean Wade,342,5.3,3.6,1.1,0.6,0.4,0.4,0.43,0.367,0.684,20.0
1629028,Deandre Ayton,470,15.8,10.1,1.5,0.7,1.0,1.6,0.599,0.23,0.741,30.3
201599,DeAndre Jordan,1123,8.5,9.7,0.9,0.5,1.4,1.3,0.673,0.154,0.475,25.0
1630610,DeJon Jarreau,21,6.2,4.5,3.0,0.8,0.5,1.7,0.376,0.186,0.676,19.1
1627749,Dejounte Murray,517,15.5,5.8,5.4,1.5,0.3,2.1,0.454,0.339,0.793,29.3
201942,DeMar DeRozan,1264,21.1,4.3,4.1,1.0,0.3,2.0,0.471,0.302,0.843,34.5
1630166,Deni Avdija,425,13.3,6.3,3.4,0.8,0.5,2.0,0.462,0.333,0.771,27.9
203471,Dennis Schröder,913,13.7,2.9,4.9,0.8,0.1,2.2,0.43,0.341,0.836,27.1
1641726,Dereck Lively II,98,8.4,7.0,1.6,0.6,1.5,1.0,0.725,0.0,0.579,22.9
1642852,Derik Queen,81,11.7,7.1,3.7,1.0,0.9,2.3,0.473,0.261,0.795,25.0
1627884,Derrick Jones Jr.,547,7.5,3.3,0.8,0.7,0.7,0.6,0.506,0.33,0.712,20.9
1628401,Derrick White,571,13.4,3.8,4.3,0.9,1.0,1.5,0.438,0.36,0.859,29.3
1630217,Desmond Bane,395,18.3,4.5,3.8,1.0,0.4,1.9,0.475,0.407,0.89,30.5
1626164,Devin Booker,737,24.6,4.0,5.3,0.9,0.3,3.0,0.463,0.352,0.873,34.3
1642269,Devin Carter,74,6.4,2.7,1.9,0.7,0.2,1.0,0.401,0.274,0.674,14.8
1630170,Devin Vassell,370,14.1,3.8,2.6,1.0,0.4,1.1,0.443,0.372,0.807,28.2
1628415,Dillon Brooks,548,14.8,3.3,2.0,0.9,0.2,1.5,0.421,0.353,0.81,29.6
1641794,Dillon Jones,61,2.4,2.1,1.0,0.3,0.1,0.5,0.373,0.25,0.656,9.7
1627734,Domantas Sabonis,665,16.1,10.7,4.9,0.8,0.5,2.6,0.559,0.342,0.729,30.8
1631230,Dominick Barlow,167,5.7,3.8,1.0,0.6,0.6,0.5,0.53,0.254,0.701,17.3
1642270,Donovan Clingan,144,9.5,9.9,1.7,0.5,1.7,1.2,0.527,0.332,0.651,23.7
1628378,Donovan Mitchell,609,25.1,4.3,4.8,1.4,0.3,2.7,0.453,0.366,0.844,33.8
1628978,Donte DiVincenzo,498,11.0,4.3,3.0,1.2,0.3,1.4,0.423,0.38,0.767,26.3
1627827,Dorian Finney-Smith,628,8.0,4.4,1.4,0.8,0.4,0.9,0.433,0.359,0.721,27.3
203926,Doug McDermott,726,8.5,2.1,0.9,0.2,0.1,0.6,0.468,0.41,0.806,19.3
1642962,Drake Powell,63,6.5,1.8,1.4,0.6,0.2,1.0,0.402,0.28,0.896,20.9
203110,Draymond Green,949,8.7,6.8,5.6,1.3,1.0,2.3,0.447,0.321,0.71,28.6
1629234,Drew Eubanks,426,5.6,4.3,0.9,0.4,0.8,0.8,0.603,0.367,0.71,15.1
1641809,Drew Peterson,34,2.1,1.5,0.5,0.3,0.1,0.3,0.365,0.32,0.727,8.0
1631166,Drew Timme,36,5.6,2.7,1.2,0.3,0.0,0.8,0.494,0.333,0.6,13.6
1630696,Dru Smith,108,5.2,2.3,2.2,1.3,0.3,0.7,0.429,0.338,0.828,15.7
1629130,Duncan Robinson,500,11.5,2.6,1.9,0.5,0.2,1.0,0.437,0.399,0.848,26.3
1641871,Duop Reath,146,6.2,2.6,0.7,0.3,0.4,0.5,0.451,0.357,0.777,13.3
203939,Dwight Powell,768,6.5,4.2,1.0,0.6,0.4,0.7,0.606,0.294,0.734,17.5
1642928,Dylan Cardwell,44,5.4,7.5,1.4,0.7,1.5,0.9,0.587,0.5,0.51,20.6
1642844,Dylan Harper,69,11.8,3.4,3.9,0.8,0.3,1.4,0.505,0.343,0.756,22.6
1630700,Dyson Daniels,272,9.4,5.1,4.0,1.9,0.4,1.5,0.488,0.298,0.614,27.5
1630604,E.J. Liddell,46,3.7,1.8,0.6,0.2,0.3,0.4,0.477,0.313,0.833,9.2
1642856,Egor Dëmin,52,10.3,3.2,3.3,0.8,0.3,1.7,0.399,0.385,0.831,25.2
1641989,Elijah Harkless,36,5.8,2.1,2.3,1.1,0.2,0.8,0.332,0.248,0.743,18.9
1641801,Emanuel Miller,11,2.3,1.0,0.5,0.3,0.0,0.0,0.476,0.286,0.75,5.2
1642402,Enrique Freeman,26,2.3,1.5,0.4,0.2,0.2,0.3,0.444,0.214,0.696,8.4
201569,Eric Gordon,931,15.2,2.3,2.7,0.8,0.4,1.8,0.43,0.373,0.809,31.1
1630679,Ethan Thompson,32,7.0,2.2,1.8,0.6,0.3,0.8,0.378,0.328,0.787,20.4
1630596,Evan Mobley,334,16.7,9.0,3.0,0.8,1.6,1.9,0.547,0.309,0.674,32.4
1630532,Franz Wagner,325,19.2,4.9,3.6,1.0,0.3,1.9,0.475,0.324,0.851,32.1
1627832,Fred VanVleet,550,14.9,3.4,5.7,1.4,0.5,1.7,0.401,0.371,0.862,31.3
1629216,Gabe Vincent,331,6.7,1.5,1.9,0.7,0.1,0.9,0.392,0.338,0.836,20.3
202066,Garrett Temple,793,5.8,2.2,1.6,0.8,0.3,0.9,0.399,0.342,0.744,19.6
1629726,Garrison Mathews,329,6.4,1.7,0.7,0.5,0.2,0.4,0.405,0.382,0.838,17.3
203914,Gary Harris,666,9.9,2.2,1.8,1.0,0.2,1.0,0.446,0.37,0.81,26.0
1627780,Gary Payton II,343,5.9,3.0,1.3,1.0,0.3,0.7,0.564,0.328,0.63,15.1
1629018,Gary Trent Jr.,480,13.0,2.2,1.4,1.1,0.2,0.7,0.42,0.387,0.819,27.2
1627777,Georges Niang,544,7.4,2.5,1.0,0.3,0.1,0.7,0.445,0.399,0.852,17.5
1641713,GG Jackson,132,12.1,4.0,1.3,0.5,0.6,1.4,0.447,0.345,0.744,21.7
203507,Giannis Antetokounmpo,895,24.1,9.9,5.0,1.1,1.2,3.0,0.554,0.285,0.691,32.7
1629048,Goga Bitadze,383,5.5,4.3,1.2,0.5,1.0,0.7,0.561,0.229,0.671,14.6
1641711,Gradey Dick,190,9.2,2.5,1.1,0.7,0.1,0.9,0.417,0.343,0.864,20.6
1629684,Grant Williams,416,7.2,3.7,1.5,0.5,0.5,1.0,0.45,0.378,0.778,22.6
1628960,Grayson Allen,454,11.2,3.0,2.2,0.8,0.3,1.1,0.443,0.403,0.857,25.8
1627824,Guerschon Yabusele,211,6.2,3.5,1.1,0.5,0.2,0.7,0.462,0.363,0.724,16.1
1630611,Gui Santos,147,6.4,3.3,1.7,0.6,0.2,1.0,0.49,0.347,0.737,16.0
203084,Harrison Barnes,1070,13.6,4.6,1.8,0.7,0.2,1.1,0.46,0.385,0.811,30.9
1631127,Harrison Ingram,12,1.3,1.0,0.3,0.3,0.0,0.2,0.7,0.5,0.0,5.0
1629312,Haywood Highsmith,225,5.4,3.1,1.1,0.7,0.4,0.6,0.45,0.379,0.62,19.8
1630529,Herbert Jones,296,9.9,3.7,2.5,1.6,0.7,1.3,0.458,0.35,0.822,29.9
1642864,Hugo González,74,3.9,3.3,0.5,0.6,0.3,0.5,0.476,0.362,0.5,14.6
1630621,Hunter Dickinson,5,2.4,1.0,0.4,0.2,0.4,0.6,0.357,0.0,1.0,8.4
1642282,Hunter Sallis,7,1.0,0.1,0.6,0.0,0.1,0.7,0.6,0.0,0.5,3.6
1641816,Hunter Tyson,90,2.2,1.4,0.4,0.1,0.1,0.2,0.349,0.281,0.78,6.8
1630193,Immanuel Quickley,394,14.4,3.5,4.1,0.8,0.1,1.3,0.426,0.375,0.852,26.7
1642403,Isaac Jones,47,3.0,1.3,0.3,0.1,0.2,0.4,0.633,0.3,0.65,7.2
1630171,Isaac Okoro,397,8.3,2.8,1.6,0.8,0.4,0.8,0.465,0.347,0.741,26.3
1642268,Isaiah Collier,130,10.0,3.0,6.7,1.0,0.3,2.7,0.457,0.257,0.705,25.8
1642384,Isaiah Crawford,29,1.4,0.8,0.2,0.1,0.2,0.2,0.429,0.222,0.7,4.7
1628392,Isaiah Hartenstein,426,7.1,6.7,2.2,0.8,0.9,1.2,0.596,0.239,0.675,20.0
1630543,Isaiah Jackson,219,7.0,4.5,0.8,0.6,1.2,0.9,0.605,0.189,0.666,15.3
1630198,Isaiah Joe,392,8.2,2.1,1.2,0.6,0.1,0.5,0.436,0.406,0.855,17.7
1630587,Isaiah Livers,130,5.0,2.4,0.8,0.5,0.4,0.6,0.4,0.352,0.783,18.4
1630191,Isaiah Stewart,365,8.8,6.8,1.3,0.4,1.2,1.2,0.514,0.343,0.737,24.3
1627826,Ivica Zubac,632,10.5,8.3,1.4,0.4,1.0,1.3,0.614,0.083,0.725,23.5
1629630,Ja Morant,327,22.4,4.6,7.4,1.0,0.3,3.4,0.466,0.311,0.773,31.7
1642266,Ja'Kobe Walter,124,8.0,2.8,1.3,0.9,0.2,0.7,0.425,0.385,0.792,20.8
1631095,Jabari Smith Jr.,289,13.7,7.3,1.5,0.6,0.9,1.2,0.437,0.347,0.796,32.2
1631133,Jabari Walker,252,5.7,4.1,0.7,0.4,0.2,0.6,0.463,0.323,0.738,15.2
1642050,Jackson Rowe,6,3.7,1.8,0.7,0.7,0.0,0.2,0.471,0.3,0.5,8.5
1631210,Jacob Toppin,31,1.4,0.7,0.3,0.1,0.1,0.1,0.486,0.429,1.0,4.2
1630702,Jaden Hardy,235,8.4,1.7,1.3,0.4,0.1,1.1,0.425,0.386,0.756,14.9
1631093,Jaden Ivey,218,14.8,3.5,4.0,0.8,0.4,2.6,0.43,0.355,0.749,27.9
1630183,Jaden McDaniels,439,11.1,4.2,1.7,0.9,0.9,1.2,0.489,0.359,0.774,29.1
1630531,Jaden Springer,110,2.9,1.4,0.8,0.6,0.2,0.5,0.409,0.238,0.773,8.8
1642443,Jahmir Young,20,1.8,0.4,0.8,0.1,0.0,0.2,0.467,0.364,1.0,4.4
1631170,Jaime Jaquez Jr.,216,12.1,4.4,3.3,0.9,0.3,1.7,0.491,0.317,0.779,25.9
1631222,Jake LaRavia,218,7.4,3.6,1.8,0.9,0.4,1.1,0.441,0.351,0.756,21.2
1627751,Jakob Poeltl,641,9.1,7.0,1.8,0.7,1.2,1.2,0.636,0.429,0.559,22.6
1628973,Jalen Brunson,561,19.2,3.2,5.3,0.7,0.1,1.8,0.485,0.385,0.826,30.0
1631105,Jalen Duren,276,13.5,10.3,2.1,0.7,0.9,1.8,0.652,0.0,0.715,27.0
1630224,Jalen Green,339,19.9,4.2,3.3,0.8,0.3,2.4,0.422,0.339,0.796,32.1
1630552,Jalen Johnson,256,14.2,7.4,4.0,1.0,0.6,2.0,0.497,0.335,0.751,26.8
1629618,Jalen Pickett,126,4.0,1.6,1.9,0.3,0.1,0.5,0.425,0.387,0.774,12.7
1630188,Jalen Smith,324,8.7,5.5,0.9,0.3,0.7,0.8,0.501,0.342,0.752,16.9
1630591,Jalen Suggs,268,12.6,3.4,3.8,1.4,0.6,2.3,0.423,0.331,0.792,26.7
1631114,Jalen Williams,248,18.0,4.6,4.5,1.3,0.5,1.9,0.509,0.374,0.808,30.9
1630592,Jalen Wilson,176,7.4,2.9,1.4,0.4,0.1,0.8,0.401,0.34,0.788,20.2
1631288,Jamal Cain,121,5.0,2.1,0.6,0.5,0.2,0.5,0.468,0.353,0.766,12.3
1627750,Jamal Murray,611,18.9,3.8,5.0,1.0,0.4,2.1,0.459,0.39,0.874,31.8
1642347,Jamal Shead,157,6.9,1.6,4.8,0.9,0.2,1.5,0.386,0.322,0.778,21.1
1631123,Jamaree Bouyea,65,4.9,1.7,1.6,0.6,0.3,0.8,0.448,0.276,0.674,13.4
201935,James Harden,1221,24.0,5.6,7.3,1.5,0.6,3.7,0.439,0.364,0.863,34.8
1630164,James Wiseman,152,9.0,5.5,0.7,0.2,0.7,1.2,0.56,0.262,0.682,18.8
1642364,Jamir Watkins,50,7.4,3.9,1.3,1.1,0.5,0.8,0.446,0.297,0.695,20.6
1642419,Jamison Battle,120,5.1,2.1,0.6,0.2,0.1,0.4,0.453,0.407,0.781,13.0
1641716,Jarace Walker,184,8.0,3.7,1.9,0.7,0.3,1.3,0.434,0.386,0.732,18.9
1642272,Jared McCain,90,10.1,2.1,1.7,0.6,0.1,1.0,0.438,0.385,0.87,19.5
1628991,Jaren Jackson Jr.,455,18.6,5.6,1.5,1.0,1.9,1.9,0.467,0.351,0.793,28.8
1629020,Jarred Vanderbilt,374,5.6,5.9,1.4,1.0,0.4,0.9,0.546,0.29,0.633,19.5
1628386,Jarrett Allen,624,13.1,9.2,1.7,0.7,1.2,1.3,0.641,0.159,0.711,28.1
1642914,Javon Small,41,9.7,3.1,3.7,0.8,0.2,1.4,0.465,0.423,0.829,20.2
1631451,Javonte Cooke,19,1.2,1.0,0.4,0.3,0.0,0.5,0.22,0.13,1.0,4.9
1629750,Javonte Green,345,5.7,3.0,0.7,0.9,0.4,0.5,0.491,0.355,0.773,17.0
1629637,Jaxson Hayes,433,6.9,4.0,0.7,0.5,0.7,0.7,0.665,0.28,0.689,16.7
1630643,Jay Huff,177,7.3,2.8,1.0,0.4,1.2,0.7,0.492,0.351,0.827,14.9
1627759,Jaylen Brown,674,20.0,5.5,2.9,1.0,0.4,2.3,0.478,0.358,0.739,31.0
1641740,Jaylen Clark,108,4.1,1.6,0.6,0.8,0.1,0.3,0.445,0.362,0.702,13.0
1642377,Jaylen Wells,148,11.4,3.3,1.7,0.7,0.1,1.0,0.428,0.353,0.801,26.1
1631119,Jaylin Williams,230,5.7,4.8,2.0,0.5,0.5,0.8,0.428,0.387,0.77,16.8
1642281,Jaylon Tyson,113,9.2,3.8,1.7,0.6,0.3,1.1,0.481,0.43,0.748,19.7
1628369,Jayson Tatum,601,23.5,7.4,3.9,1.1,0.6,2.4,0.458,0.368,0.839,34.5
1631120,JD Davison,64,2.1,1.0,1.1,0.2,0.2,0.4,0.38,0.266,0.688,6.5
201145,Jeff Green,1247,11.6,3.9,1.4,0.6,0.5,1.3,0.45,0.337,0.804,26.8
203924,Jerami Grant,776,13.5,3.9,1.6,0.7,1.0,1.3,0.449,0.367,0.759,28.0
1642847,Jeremiah Fears,82,14.3,3.7,3.4,1.2,0.4,2.2,0.434,0.33,0.789,25.7
1630526,Jeremiah Robinson-Earl,219,5.9,4.3,1.0,0.5,0.2,0.6,0.434,0.335,0.811,17.5
1631110,Jeremy Sochan,228,9.9,5.4,2.5,0.7,0.4,1.5,0.47,0.286,0.725,24.0
1630579,Jericho Sims,258,3.1,4.4,0.8,0.2,0.4,0.7,0.742,0.0,0.601,15.1
1641724,Jett Howard,133,4.5,1.2,0.7,0.2,0.2,0.4,0.392,0.326,0.833,11.0
1628975,Jevon Carter,465,5.3,1.7,1.6,0.6,0.2,0.6,0.395,0.377,0.797,15.4
202710,Jimmy Butler III,907,18.4,5.4,4.4,1.6,0.4,1.6,0.474,0.33,0.844,33.0
1642866,Joan Beringer,40,3.9,2.3,0.3,0.2,0.7,0.3,0.663,0.0,0.703,7.9
1629111,Jock Landale,289,6.6,3.9,1.1,0.3,0.4,0.7,0.517,0.336,0.721,15.0
204060,Joe Ingles,750,7.7,3.0,3.5,0.8,0.1,1.4,0.448,0.409,0.775,23.5
203954,Joel Embiid,490,27.6,10.8,3.7,0.9,1.6,3.4,0.5,0.339,0.83,31.9
1628381,John Collins,541,15.7,7.7,1.4,0.6,1.0,1.5,0.546,0.369,0.789,28.9
1629723,John Konchar,363,4.3,4.0,1.5,0.9,0.4,0.5,0.469,0.349,0.727,17.6
1642910,John Tonje,6,2.5,1.0,0.3,0.3,0.0,0.0,0.286,0.3,1.0,6.8
1641780,Johni Broome,11,0.9,1.5,0.4,0.3,0.2,0.3,0.167,0.0,0.333,4.9
1642277,Johnny Furphy,85,3.3,2.6,0.7,0.4,0.2,0.5,0.436,0.314,0.614,12.0
1630548,Johnny Juzang,123,6.9,2.2,0.9,0.4,0.1,0.5,0.421,0.358,0.785,15.9
202685,Jonas Valančiūnas,1002,12.8,9.0,1.4,0.4,0.9,1.6,0.561,0.34,0.793,24.4
1628371,Jonathan Isaac,328,6.8,4.5,0.7,0.9,1.2,0.7,0.441,0.316,0.732,18.8
1630228,Jonathan Kuminga,294,12.5,4.2,1.8,0.6,0.4,1.5,0.502,0.332,0.699,22.1
1642367,Jonathan Mogbo,103,4.4,3.7,1.7,0.6,0.4,0.8,0.455,0.239,0.719,14.9
203903,Jordan Clarkson,825,15.3,3.2,2.8,0.8,0.2,1.8,0.437,0.336,0.829,26.8
1630692,Jordan Goodwin,220,7.0,4.1,2.3,1.1,0.3,0.9,0.411,0.346,0.744,19.5
1641722,Jordan Hawkins,174,8.0,2.3,1.0,0.4,0.2,0.8,0.374,0.348,0.829,18.2
1629162,Jordan McLaughlin,332,3.8,1.3,2.5,0.7,0.1,0.6,0.443,0.377,0.747,13.0
1641757,Jordan Miller,105,7.3,2.3,1.6,0.6,0.2,0.9,0.507,0.313,0.783,16.9
1629673,Jordan Poole,451,16.6,2.6,3.7,0.8,0.3,2.3,0.418,0.344,0.877,27.2
1641775,Jordan Walsh,129,3.6,2.8,0.6,0.5,0.3,0.4,0.471,0.344,0.732,13.2
1630631,Jose Alvarado,296,8.0,2.3,3.2,1.1,0.2,1.1,0.412,0.349,0.757,20.0
1630581,Josh Giddey,334,14.6,7.6,6.6,0.9,0.5,2.8,0.461,0.337,0.764,29.7
1630182,Josh Green,349,6.3,2.5,1.4,0.7,0.1,0.9,0.48,0.387,0.705,21.0
1628404,Josh Hart,596,10.5,7.0,3.4,1.1,0.3,1.4,0.475,0.35,0.75,30.4
1631169,Josh Minott,142,4.1,1.7,0.5,0.5,0.3,0.4,0.495,0.396,0.833,9.1
1629006,Josh Okogie,494,6.1,2.9,1.1,0.9,0.4,0.8,0.409,0.312,0.736,18.8
1626196,Josh Richardson,554,11.5,3.0,2.6,1.0,0.5,1.3,0.428,0.363,0.846,28.5
201950,Jrue Holiday,1090,15.9,4.2,6.2,1.4,0.5,2.6,0.461,0.37,0.79,32.8
1631262,Jules Bernard,19,3.9,1.4,0.8,0.2,0.1,0.4,0.453,0.379,0.556,7.8
1630577,Julian Champagnie,255,9.4,4.1,1.4,0.7,0.5,0.8,0.424,0.375,0.852,23.5
1641763,Julian Phillips,167,3.6,1.5,0.4,0.4,0.2,0.3,0.435,0.32,0.771,11.2
1631124,Julian Strawther,172,7.1,1.8,1.1,0.5,0.2,0.7,0.429,0.346,0.801,16.2
203944,Julius Randle,789,19.2,8.9,3.9,0.7,0.4,2.8,0.472,0.332,0.759,32.1
1630551,Justin Champagnie,187,7.1,4.6,1.0,0.8,0.5,0.6,0.494,0.346,0.759,17.5
1642348,Justin Edwards,108,7.7,2.2,1.4,0.9,0.3,0.8,0.451,0.368,0.765,19.7
203994,Jusuf Nurkić,631,11.8,8.9,2.6,0.9,1.1,2.2,0.502,0.294,0.661,24.5
1630539,Kai Jones,107,3.5,2.4,0.4,0.3,0.5,0.5,0.671,0.231,0.682,10.1
1642880,Kam Jones,37,4.4,1.6,3.2,0.5,0.0,1.0,0.402,0.293,0.5,16.6
1626157,Karl-Anthony Towns,720,22.8,11.1,3.1,0.8,1.1,2.7,0.522,0.397,0.84,33.7
1631255,Karlo Matković,104,6.5,4.2,0.9,0.5,0.9,0.7,0.589,0.378,0.753,16.4
1642857,Kasparas Jakučionis,53,6.2,2.6,2.6,0.6,0.1,0.9,0.429,0.423,0.879,17.8
202695,Kawhi Leonard,798,20.7,6.4,3.1,1.7,0.6,1.7,0.499,0.391,0.863,31.8
1630811,Keaton Wallace,84,4.2,1.3,2.1,0.6,0.2,0.7,0.399,0.353,0.793,12.3
1631099,Keegan Murray,256,13.3,5.6,1.5,0.9,0.8,0.8,0.447,0.365,0.807,32.7
1642276,Kel'el Ware,141,10.3,8.3,0.8,0.7,1.1,0.8,0.54,0.369,0.718,22.2
1629640,Keldon Johnson,452,15.1,5.4,2.0,0.7,0.2,1.2,0.475,0.353,0.767,27.7
203482,Kelly Olynyk,842,9.8,5.0,2.4,0.8,0.4,1.6,0.486,0.369,0.794,21.8
1626162,Kelly Oubre Jr.,705,13.3,4.7,1.2,1.1,0.5,1.1,0.44,0.327,0.752,27.4
1631112,Kendall Brown,21,1.4,0.5,0.4,0.2,0.0,0.2,0.545,0.0,0.6,4.9
1631113,Kennedy Chandler,47,5.2,1.6,2.8,0.5,0.1,0.9,0.436,0.321,0.607,13.5
1629026,Kenrich Williams,447,6.4,4.0,1.7,0.7,0.2,0.7,0.471,0.368,0.564,19.3
203484,Kentavious Caldwell-Pope,963,11.0,2.9,1.9,1.1,0.3,1.0,0.427,0.365,0.826,29.2
1631165,Keon Ellis,225,6.6,2.1,1.3,1.2,0.6,0.7,0.465,0.407,0.778,19.9
1642352,Keshad Johnson,48,3.7,1.9,0.3,0.4,0.3,0.4,0.531,0.314,0.658,7.9
201142,Kevin Durant,1201,27.1,6.9,4.4,1.0,1.1,3.2,0.503,0.392,0.882,36.7
1628989,Kevin Huerter,551,11.4,3.4,2.9,0.9,0.4,1.2,0.442,0.368,0.762,27.4
201567,Kevin Love,989,15.8,9.8,2.3,0.6,0.4,1.7,0.437,0.369,0.828,28.4
1641755,Kevin McCullar Jr.,25,2.2,1.4,0.9,0.4,0.0,0.5,0.407,0.32,0.571,7.4
1629645,Kevin Porter Jr.,309,14.4,4.3,4.9,1.2,0.3,2.6,0.439,0.348,0.757,28.1
1630284,Kevon Harris,36,4.0,2.0,0.5,0.5,0.1,0.6,0.445,0.372,0.756,12.9
1626172,Kevon Looney,620,4.9,5.7,1.6,0.5,0.5,0.6,0.57,0.179,0.61,17.1
1641718,Keyonte George,196,17.2,3.4,5.3,0.7,0.2,2.7,0.413,0.348,0.857,30.2
1642863,Khaman Maluach,46,3.0,2.9,0.1,0.1,0.7,0.5,0.533,0.238,0.71,8.9
203114,Khris Middleton,839,16.1,4.7,3.9,1.1,0.2,2.1,0.458,0.385,0.878,30.1
1630165,Killian Hayes,239,7.9,2.9,5.0,1.1,0.4,1.9,0.377,0.28,0.792,25.3
1642354,KJ Simpson,56,6.7,2.6,2.8,0.9,0.1,1.4,0.345,0.265,0.765,19.6
202691,Klay Thompson,934,18.6,3.4,2.2,0.8,0.5,1.6,0.448,0.409,0.858,31.4
1641738,Kobe Brown,145,3.6,2.2,0.9,0.3,0.2,0.5,0.455,0.338,0.779,11.2
1641723,Kobe Bufkin,43,4.2,1.6,1.3,0.3,0.2,0.5,0.354,0.212,0.737,10.2
1642920,Kobe Sanders,68,7.3,2.3,1.6,0.7,0.1,1.2,0.466,0.408,0.826,19.9
1642851,Kon Knueppel,81,18.5,5.3,3.4,0.7,0.2,2.0,0.475,0.425,0.863,31.5
1627739,Kris Dunn,489,7.6,3.3,3.9,1.5,0.4,1.5,0.443,0.337,0.741,24.0
1631200,Kris Murray,188,5.3,3.3,1.2,0.7,0.3,0.8,0.425,0.259,0.6,19.8
204001,Kristaps Porziņģis,533,19.5,7.6,1.9,0.7,1.8,1.6,0.461,0.364,0.83,30.3
203937,Kyle Anderson,757,6.8,4.2,2.8,1.0,0.6,1.0,0.48,0.34,0.715,21.4
1642271,Kyle Filipowski,149,10.5,6.7,2.3,0.8,0.4,1.5,0.496,0.337,0.71,22.3
1628398,Kyle Kuzma,610,16.6,6.1,2.7,0.6,0.5,2.1,0.453,0.335,0.721,30.6
200768,Kyle Lowry,1187,13.8,4.2,6.0,1.3,0.3,2.2,0.423,0.367,0.815,31.0
202681,Kyrie Irving,779,23.7,4.1,5.6,1.3,0.4,2.5,0.474,0.394,0.888,34.5
1642273,Kyshawn George,116,11.2,4.6,3.3,1.0,0.8,1.9,0.406,0.347,0.781,27.5
1630163,LaMelo Ball,303,20.8,5.7,7.3,1.4,0.3,3.2,0.418,0.365,0.847,31.0
1629013,Landry Shamet,449,8.4,1.7,1.5,0.5,0.1,0.7,0.416,0.386,0.815,21.3
1626204,Larry Nance Jr.,581,7.5,5.9,1.8,1.1,0.5,0.9,0.535,0.352,0.692,22.4
1628374,Lauri Markkanen,492,18.9,7.1,1.5,0.7,0.5,1.4,0.458,0.37,0.871,31.3
1641778,Leaky Black,41,4.3,3.0,1.1,0.6,0.5,0.5,0.419,0.373,0.739,17.5
1631159,Leonard Miller,76,5.4,2.8,0.6,0.3,0.2,0.5,0.552,0.312,0.762,10.6
1642862,Liam McNeeley,31,4.3,2.4,0.8,0.2,0.1,0.4,0.4,0.4,0.821,11.8
1630322,Lindy Waters III,196,4.6,1.7,0.8,0.4,0.2,0.3,0.397,0.363,0.78,11.9
1628366,Lonzo Ball,322,10.6,5.3,5.6,1.5,0.6,2.3,0.392,0.355,0.603,30.1
1629652,Luguentz Dort,432,11.6,3.8,1.6,0.9,0.4,1.1,0.405,0.358,0.788,28.9
1629029,Luka Dončić,514,29.2,8.5,8.2,1.3,0.5,4.0,0.469,0.352,0.755,35.0
1630568,Luka Garza,193,6.0,2.7,0.6,0.3,0.2,0.5,0.529,0.367,0.728,10.8
1628379,Luke Kennard,538,9.6,2.8,2.3,0.6,0.1,0.9,0.466,0.442,0.885,23.1
1628436,Luke Kornet,421,5.4,3.9,1.2,0.4,0.9,0.4,0.553,0.321,0.786,15.9
1631247,Luke Travers,24,1.7,1.8,0.7,0.3,0.2,0.5,0.25,0.04,1.0,7.9
1630644,Mac McClung,17,5.9,1.4,1.4,0.7,0.2,0.9,0.402,0.267,0.75,12.4
1631103,Malaki Branham,216,8.0,2.0,1.6,0.4,0.1,1.0,0.441,0.339,0.84,17.8
1642502,Malevy Leons,31,2.7,1.8,0.8,0.5,0.3,0.5,0.432,0.235,0.739,9.6
1628370,Malik Monk,585,12.3,2.6,3.1,0.6,0.3,1.6,0.434,0.355,0.851,22.7
1642013,Malik Williams,7,2.7,5.4,0.3,0.4,0.6,0.4,0.265,0.2,0.0,15.1
1631204,Marcus Sasser,166,7.0,1.4,2.7,0.6,0.1,1.1,0.431,0.386,0.859,15.8
203935,Marcus Smart,697,10.5,3.4,4.4,1.6,0.4,1.9,0.389,0.324,0.779,29.4
1630699,MarJon Beauchamp,149,4.4,1.9,0.6,0.3,0.1,0.7,0.431,0.352,0.712,11.1
1641813,Mark Sears,7,3.1,0.3,0.3,0.0,0.0,0.6,0.462,0.5,0.75,3.7
1631109,Mark Williams,166,12.0,8.5,1.2,0.8,1.0,1.2,0.629,0.2,0.76,23.6
1628365,Markelle Fultz,260,10.2,3.1,4.3,1.1,0.3,1.8,0.469,0.28,0.732,23.7
202693,Markieff Morris,791,10.2,4.9,1.5,0.8,0.5,1.4,0.443,0.341,0.779,23.3
1628963,Marvin Bagley III,349,11.8,6.5,1.0,0.5,0.6,1.1,0.531,0.308,0.685,22.0
203486,Mason Plumlee,880,7.9,6.6,2.3,0.7,0.8,1.4,0.596,0.039,0.577,21.6
1641824,Matas Buzelis,157,12.4,4.6,1.5,0.5,1.2,1.5,0.46,0.353,0.795,23.9
1629680,Matisse Thybulle,377,5.0,2.0,1.1,1.6,0.8,0.6,0.438,0.349,0.683,20.6
1631108,Max Christie,263,8.0,2.8,1.4,0.5,0.3,0.9,0.433,0.386,0.864,22.2
1642917,Max Shulga,11,0.6,0.5,0.2,0.1,0.0,0.3,0.25,0.25,1.0,3.3
1629622,Max Strus,321,10.4,3.5,2.3,0.5,0.2,1.0,0.427,0.37,0.811,25.5
1628467,Maxi Kleber,483,6.0,4.2,1.1,0.4,0.8,0.7,0.444,0.352,0.763,21.3
1642875,Maxime Raynaud,74,12.5,7.5,1.4,0.5,0.5,1.3,0.571,0.324,0.786,26.5
1642877,Micah Peavy,61,4.3,1.9,1.0,0.7,0.1,0.3,0.385,0.259,0.759,15.0
1630695,Micah Potter,111,6.4,4.2,1.0,0.4,0.3,0.8,0.49,0.389,0.84,17.0
1629008,Michael Porter Jr.,397,17.3,6.5,1.6,0.7,0.5,1.3,0.493,0.398,0.812,29.5
1628969,Mikal Bridges,638,14.7,3.9,2.9,1.2,0.6,1.2,0.485,0.371,0.842,33.2
201144,Mike Conley,1226,13.6,2.9,5.5,1.3,0.2,1.8,0.436,0.387,0.826,30.7
2065,Mike Smith,17,3.0,1.3,0.6,0.3,0.2,0.4,0.322,0.167,0.625,10.5
1628970,Miles Bridges,501,15.9,6.1,2.8,0.7,0.7,1.6,0.461,0.338,0.825,30.9
1642939,Miles Kelly,14,3.1,1.7,0.9,0.3,0.1,0.4,0.364,0.303,1.0,9.5
1630540,Miles McBride,277,7.1,1.6,1.9,0.7,0.2,0.5,0.409,0.374,0.781,18.5
1629011,Mitchell Robinson,397,7.5,8.0,0.7,0.9,1.7,0.7,0.702,0.0,0.508,23.4
1628964,Mo Bamba,368,6.7,5.4,0.8,0.4,1.3,0.8,0.477,0.356,0.682,16.7
1642885,Mohamed Diawara,69,3.6,1.4,0.8,0.2,0.1,0.4,0.423,0.369,0.75,9.2
1628420,Monté Morris,426,9.4,2.3,3.6,0.7,0.2,0.7,0.473,0.388,0.824,23.2
1629021,Moritz Wagner,399,9.0,3.9,1.2,0.5,0.3,1.1,0.518,0.323,0.808,16.2
1630541,Moses Moody,315,8.0,2.4,1.0,0.6,0.3,0.6,0.447,0.378,0.773,18.3
1631338,Mouhamadou Gueye,13,3.2,2.2,0.8,0.4,1.5,1.2,0.347,0.125,0.538,12.7
1631243,Mouhamed Gueye,116,4.9,3.8,0.9,0.8,0.7,0.4,0.436,0.291,0.7,15.4
1630619,Moussa Cisse,38,4.5,5.7,0.2,0.5,1.2,0.8,0.574,0.0,0.469,13.9
1631217,Moussa Diabaté,177,6.0,6.5,1.2,0.6,0.7,0.8,0.606,0.2,0.634,19.2
1626167,Myles Turner,713,13.9,6.6,1.3,0.7,2.1,1.4,0.494,0.365,0.769,28.6
1642066,Myron Gardner,45,3.6,2.7,1.0,0.4,0.2,0.4,0.48,0.406,0.731,9.1
1642368,N'Faly Dante,8,3.4,3.5,0.3,0.4,0.6,0.4,0.647,0.0,0.833,8.3
1641772,Nae'Qwan Tomlin,69,5.9,3.0,0.8,0.6,0.5,0.4,0.471,0.232,0.764,15.5
1630230,Naji Marshall,373,10.1,4.0,2.5,0.8,0.2,1.3,0.471,0.3,0.777,23.0
1629675,Naz Reid,483,11.9,5.1,1.5,0.7,0.9,1.3,0.481,0.371,0.728,21.7
1629674,Neemias Queta,186,7.0,5.6,1.1,0.5,0.9,0.7,0.642,0.091,0.707,17.6
1629651,Nic Claxton,380,10.6,7.6,2.1,0.7,1.6,1.2,0.622,0.186,0.555,26.2
1630208,Nick Richards,305,7.1,5.8,0.6,0.2,0.8,1.0,0.621,0.261,0.724,17.6
1641733,Nick Smith Jr.,141,7.6,1.6,1.7,0.3,0.1,1.0,0.398,0.374,0.882,17.5
1629638,Nickeil Alexander-Walker,459,10.6,2.6,2.5,0.8,0.4,1.3,0.427,0.372,0.807,23.0
201587,Nicolas Batum,1205,9.6,4.7,3.0,0.9,0.6,1.4,0.436,0.371,0.831,28.2
1628502,Nigel Hayes-Davis,36,1.7,1.5,0.4,0.3,0.1,0.3,0.329,0.188,0.429,8.8
203999,Nikola Jokić,810,22.2,11.1,7.5,1.3,0.7,3.0,0.561,0.362,0.825,32.0
1631107,Nikola Jović,154,8.3,3.6,2.2,0.6,0.3,1.1,0.425,0.341,0.756,19.9
1642260,Nikola Topić,10,5.2,1.9,4.4,0.5,0.0,2.5,0.431,0.4,0.4,16.0
202696,Nikola Vučević,1036,17.1,10.3,2.9,0.8,0.9,1.7,0.497,0.35,0.773,31.2
1642363,Nique Clifford,75,8.6,3.8,2.4,0.9,0.3,1.5,0.418,0.333,0.722,25.1
1642855,Noa Essengue,2,0.0,0.0,0.0,0.5,0.0,0.0,0.0,0.0,0.0,3.0
1641730,Noah Clowney,135,10.1,4.0,1.2,0.6,0.6,1.2,0.395,0.332,0.802,23.6
1642869,Noah Penda,59,3.8,3.2,1.2,0.5,0.3,0.7,0.404,0.323,0.688,12.8
1642849,Nolan Traore,56,8.9,1.8,3.8,0.8,0.4,2.3,0.38,0.318,0.787,22.2
1626181,Norman Powell,675,14.0,2.7,1.6,0.8,0.3,1.3,0.471,0.396,0.824,24.7
1630167,Obi Toppin,386,8.7,3.5,1.3,0.4,0.3,0.7,0.521,0.355,0.786,17.3
1630534,Ochai Agbaji,263,7.2,2.7,1.1,0.6,0.4,0.7,0.448,0.339,0.755,21.1
1628384,OG Anunoby,559,13.3,4.5,1.7,1.3,0.6,1.4,0.476,0.377,0.774,30.6
1641765,Olivier-Maxence Prosper,145,5.9,2.7,0.8,0.5,0.2,0.5,0.481,0.348,0.706,13.1
1630209,Omer Yurtseven,122,4.9,4.5,0.7,0.2,0.3,0.7,0.529,0.196,0.655,11.8
1630168,Onyeka Okongwu,381,10.7,6.9,1.6,0.8,1.1,1.1,0.573,0.356,0.756,24.2
1631115,Orlando Robinson,115,4.6,3.8,1.2,0.3,0.3,0.7,0.473,0.347,0.754,13.2
1631131,Oscar Tshiebwe,49,7.0,6.5,0.9,0.6,0.1,0.6,0.613,0.0,0.636,15.2
1642345,Oso Ighodaro,143,5.5,4.5,1.8,0.7,0.6,1.0,0.637,0.0,0.491,20.0
1631172,Ousmane Dieng,166,5.4,2.5,1.5,0.4,0.2,0.8,0.423,0.314,0.72,14.7
1629023,P.J. Washington,446,13.3,6.0,2.2,1.0,1.0,1.6,0.448,0.354,0.705,30.6
1642359,Pacôme Dadiet,47,1.7,1.0,0.4,0.1,0.1,0.1,0.329,0.255,0.765,5.2
1631094,Paolo Banchero,270,22.3,7.4,4.8,0.8,0.6,3.0,0.449,0.317,0.743,34.5
1627783,Pascal Siakam,691,18.5,6.6,3.6,0.9,0.6,1.8,0.497,0.342,0.754,31.4
1626192,Pat Connaughton,637,5.8,3.3,1.3,0.5,0.3,0.5,0.438,0.357,0.767,18.4
1630311,Pat Spencer,111,5.2,1.9,2.6,0.6,0.1,0.9,0.423,0.339,0.764,13.5
1631116,Patrick Baldwin Jr.,102,3.7,2.1,0.5,0.3,0.3,0.4,0.405,0.376,0.667,9.1
1630172,Patrick Williams,348,9.0,3.9,1.5,0.8,0.6,1.2,0.438,0.381,0.762,25.7
202331,Paul George,945,20.5,6.2,3.7,1.7,0.4,2.6,0.44,0.384,0.852,33.5
1630194,Paul Reed,325,5.5,4.1,0.9,0.8,0.8,0.7,0.565,0.31,0.69,12.8
1630202,Payton Pritchard,426,10.6,3.0,3.0,0.6,0.1,0.9,0.457,0.394,0.869,22.4
1641796,Pelle Larsson,125,8.4,2.7,2.4,0.6,0.2,1.0,0.48,0.328,0.771,21.0
1631250,Pete Nance,68,4.3,2.2,0.9,0.3,0.2,0.5,0.496,0.417,0.333,13.3
1631212,Peyton Watson,225,8.7,3.5,1.3,0.6,1.1,1.0,0.479,0.361,0.697,21.9
1641790,PJ Hall,38,3.1,2.6,0.4,0.1,0.4,0.5,0.53,0.385,0.788,7.3
1630173,Precious Achiuwa,393,8.0,5.9,1.1,0.6,0.7,1.0,0.494,0.299,0.596,20.7
1629656,Quentin Grimes,318,11.1,3.2,2.3,0.8,0.3,1.3,0.446,0.366,0.793,25.6
1631245,Quenton Jackson,89,7.5,1.9,2.4,0.6,0.1,0.9,0.469,0.341,0.809,16.0
1642366,Quinten Post,109,7.8,3.8,1.4,0.4,0.5,0.8,0.443,0.364,0.786,16.9
1642853,Rasheer Fleming,55,4.3,2.3,0.3,0.4,0.4,0.5,0.405,0.346,0.559,12.2
1641712,Rayan Rupert,155,4.1,2.3,1.0,0.5,0.1,0.7,0.381,0.322,0.771,14.0
1642484,RayJ Dennis,28,3.7,1.4,1.7,0.4,0.2,0.8,0.319,0.303,0.909,9.9
1642263,Reed Sheppard,134,10.0,2.4,2.6,1.2,0.5,1.2,0.414,0.383,0.804,20.9
1642434,Riley Minix,10,3.5,0.8,0.5,0.2,0.1,0.3,0.583,0.308,1.0,6.4
1629628,RJ Barrett,444,18.9,5.5,3.3,0.7,0.3,2.2,0.447,0.345,0.7,32.7
1642265,Rob Dillingham,114,5.5,1.6,2.1,0.6,0.1,1.3,0.411,0.324,0.7,13.0
1629057,Robert Williams III,294,7.1,6.9,1.3,0.7,1.6,0.9,0.72,0.333,0.661,19.6
1642911,Rocco Zikarsky,5,2.8,2.8,0.4,0.0,1.0,0.2,0.625,0.0,1.0,7.2
1629641,Romeo Langford,141,4.6,2.1,0.7,0.4,0.3,0.5,0.43,0.288,0.659,16.1
1631199,Ron Harper Jr.,40,3.7,1.6,0.7,0.3,0.3,0.2,0.41,0.326,0.857,9.6
1641842,Ronald Holland II,159,7.3,3.4,1.1,0.9,0.3,1.1,0.45,0.246,0.782,17.7
1626220,Royce O'Neale,678,7.4,4.8,2.4,0.8,0.4,1.0,0.425,0.389,0.765,26.4
203497,Rudy Gobert,905,12.5,11.7,1.4,0.7,2.0,1.6,0.658,0.0,0.633,30.7
1629060,Rui Hachimura,405,12.6,4.6,1.2,0.6,0.3,0.8,0.499,0.394,0.758,27.8
201566,Russell Westbrook,1301,20.9,6.9,8.0,1.6,0.3,3.9,0.438,0.308,0.771,33.1
1642346,Ryan Dunn,144,6.4,3.9,1.1,0.7,0.5,0.7,0.44,0.319,0.488,19.2
1641750,Ryan Kalkbrenner,69,7.6,5.5,0.8,0.5,1.5,0.9,0.753,0.0,0.716,21.4
1642948,Ryan Nembhard,60,6.6,2.2,5.3,0.4,0.0,1.4,0.415,0.356,0.806,19.5
1631157,Ryan Rollins,155,10.9,3.0,3.5,1.1,0.3,1.8,0.474,0.408,0.8,21.5
1630180,Saddiq Bey,364,14.8,5.3,2.0,0.9,0.2,1.0,0.418,0.355,0.842,30.4
1630573,Sam Hauser,334,7.8,3.1,1.0,0.4,0.3,0.4,0.442,0.412,0.851,19.9
1630241,Sam Merrill,225,8.0,2.0,1.6,0.5,0.1,0.5,0.424,0.397,0.89,18.6
1630572,Sandro Mamukelashvili,271,7.0,3.7,1.2,0.4,0.3,0.6,0.494,0.366,0.739,14.6
1630583,Santi Aldama,278,10.4,5.4,2.1,0.7,0.6,1.0,0.463,0.346,0.686,23.4
1630703,Scoot Henderson,158,13.5,3.0,5.0,0.9,0.2,2.9,0.404,0.343,0.802,27.0
1630567,Scottie Barnes,356,17.4,7.5,5.2,1.3,1.1,2.4,0.475,0.301,0.773,34.3
1630590,Scotty Pippen Jr.,116,10.2,3.0,4.3,1.4,0.4,1.9,0.477,0.393,0.721,21.1
203552,Seth Curry,560,9.9,2.0,1.9,0.6,0.1,0.9,0.471,0.433,0.864,22.3
1631101,Shaedon Sharpe,234,15.7,4.0,2.2,0.8,0.2,1.9,0.45,0.332,0.781,28.0
1628983,Shai Gilgeous-Alexander,530,25.3,4.7,5.3,1.4,0.8,2.3,0.508,0.36,0.864,33.1
1631321,Sidy Cissoko,109,4.2,1.9,1.2,0.6,0.3,0.8,0.408,0.283,0.652,15.5
1631323,Simone Fontecchio,263,7.8,2.9,1.2,0.5,0.2,0.8,0.417,0.367,0.828,18.3
1642883,Sion James,82,5.4,3.5,2.0,0.6,0.2,0.8,0.371,0.352,0.837,22.5
1627746,Skal Labissiere,155,7.0,4.3,1.0,0.4,0.6,1.0,0.493,0.352,0.748,17.1
1642461,Spencer Jones,84,4.5,2.7,0.7,0.7,0.4,0.4,0.483,0.36,0.63,18.3
1630649,Stanley Umude,49,3.0,1.4,0.3,0.3,0.3,0.3,0.381,0.386,0.868,8.2
1642264,Stephon Castle,149,15.6,4.4,5.6,1.0,0.3,2.6,0.448,0.305,0.729,28.2
203500,Steven Adams,796,8.7,8.0,1.5,0.8,0.9,1.4,0.584,0.059,0.534,25.7
1629004,Svi Mykhailiuk,381,6.9,1.9,1.5,0.5,0.1,0.9,0.414,0.368,0.778,17.2
204456,T.J. McConnell,762,7.8,2.9,5.0,1.2,0.2,1.6,0.518,0.343,0.782,20.8
1643007,Taelon Peter,38,4.5,1.6,1.1,0.7,0.1,0.7,0.38,0.328,0.625,12.9
201959,Taj Gibson,1012,8.3,5.7,0.9,0.5,1.0,1.0,0.517,0.272,0.713,22.9
1631106,Tari Eason,221,10.4,6.3,1.3,1.3,0.7,1.2,0.451,0.35,0.748,23.6
1627752,Taurean Prince,608,9.8,3.6,1.7,0.8,0.4,1.4,0.429,0.387,0.812,24.7
1641707,Taylor Hendricks,102,7.3,4.1,0.9,0.8,0.6,0.8,0.449,0.354,0.714,20.1
1629611,Terance Mann,475,8.0,3.5,2.1,0.6,0.2,0.8,0.496,0.371,0.782,22.4
1630545,Terrence Shannon Jr.,75,5.1,1.3,0.9,0.3,0.1,0.5,0.463,0.393,0.802,11.7
1626179,Terry Rozier,665,13.9,3.9,3.5,0.9,0.2,1.3,0.418,0.361,0.829,27.6
203648,Thanasis Antetokounmpo,232,2.3,1.5,0.6,0.3,0.2,0.5,0.506,0.134,0.536,7.2
1628418,Thomas Bryant,393,8.5,4.9,0.9,0.3,0.7,0.7,0.573,0.348,0.781,16.9
1642275,Tidjane Salaün,97,5.9,4.4,1.0,0.5,0.2,0.9,0.385,0.326,0.694,18.8
203501,Tim Hardaway Jr.,893,13.7,2.8,1.8,0.6,0.1,0.9,0.419,0.365,0.815,27.3
202699,Tobias Harris,1033,15.9,6.1,2.4,0.8,0.5,1.4,0.478,0.366,0.838,31.4
1628396,Tony Bradley,234,4.3,3.8,0.5,0.2,0.5,0.5,0.618,0.474,0.684,10.9
1641787,Tosan Evbuomwan,50,7.4,3.6,1.4,0.6,0.3,1.0,0.445,0.33,0.735,20.8
1641739,Toumani Camara,230,10.9,5.3,2.0,1.2,0.5,1.5,0.448,0.367,0.727,30.5
1629027,Trae Young,498,25.1,3.4,9.8,1.0,0.2,4.2,0.433,0.352,0.872,34.1
1631218,Trayce Jackson-Davis,183,6.2,4.4,1.2,0.4,0.8,0.6,0.631,0.2,0.555,14.2
1642848,Tre Johnson,60,12.2,2.8,2.0,0.6,0.3,1.6,0.419,0.358,0.874,24.0
1630200,Tre Jones,362,9.4,2.8,4.8,0.9,0.1,1.1,0.503,0.312,0.84,22.6
1630544,Tre Mann,234,8.5,2.6,2.1,0.7,0.1,1.2,0.402,0.345,0.795,19.3
1630570,Trendon Watford,270,7.6,3.6,2.0,0.5,0.3,1.2,0.519,0.325,0.761,17.3
1642280,Trentyn Flowers,8,1.9,0.6,0.1,0.0,0.0,0.3,0.429,0.0,1.0,4.0
1630286,Trevon Scott,8,6.8,4.1,1.3,1.1,0.8,0.5,0.393,0.3,0.667,24.1
1631211,Trevor Keels,11,1.0,0.4,0.0,0.1,0.0,0.0,0.25,0.231,0.0,2.0
1641725,Trey Alexander,33,2.4,0.7,0.6,0.2,0.1,0.2,0.41,0.31,0.667,6.9
1641998,Trey Jemison III,76,3.7,3.4,0.6,0.3,0.6,0.9,0.555,0.0,0.593,13.8
1630530,Trey Murphy III,317,15.4,4.3,2.2,1.0,0.4,1.1,0.459,0.382,0.878,29.0
1641783,Tristan da Silva,151,8.6,3.5,1.6,0.7,0.3,0.8,0.433,0.357,0.88,23.4
1641774,Tristan Vukcevic,94,9.1,3.3,1.1,0.4,0.7,1.2,0.481,0.348,0.78,14.2
1641803,Tristen Newton,9,1.7,0.8,0.2,0.2,0.0,0.2,0.294,0.25,0.75,3.1
1629660,Ty Jerome,244,9.3,2.1,3.0,0.7,0.1,1.0,0.46,0.386,0.854,18.3
1629639,Tyler Herro,394,19.5,5.0,4.1,0.7,0.2,2.2,0.45,0.382,0.878,32.5
1642278,Tyler Kolek,103,3.4,1.2,2.3,0.3,0.1,0.7,0.409,0.36,0.73,9.9
1641890,Tyler Smith,35,3.5,1.7,0.3,0.3,0.1,0.4,0.45,0.354,0.714,8.2
1630169,Tyrese Haliburton,333,17.5,3.7,8.8,1.5,0.6,2.1,0.477,0.392,0.855,33.0
1631213,Tyrese Martin,122,6.8,2.8,1.7,0.5,0.1,1.0,0.401,0.337,0.761,17.7
1630178,Tyrese Maxey,388,21.1,3.2,4.8,1.1,0.4,1.6,0.461,0.377,0.873,33.1
1642878,Tyrese Proctor,50,5.4,1.3,1.5,0.5,0.0,0.8,0.413,0.351,0.889,10.9
1630623,Tyson Etienne,31,7.9,1.2,1.7,0.5,0.0,0.8,0.381,0.368,0.826,17.1
1631102,TyTy Washington Jr.,74,2.9,0.9,1.1,0.4,0.1,0.3,0.357,0.243,0.542,9.4
1626145,Tyus Jones,749,7.3,1.9,4.2,0.9,0.1,0.8,0.441,0.372,0.82,20.6
1641705,Victor Wembanyama,181,23.4,11.0,3.5,1.1,3.5,3.1,0.484,0.342,0.817,30.4
1631246,Vince Williams Jr.,134,7.7,4.2,3.0,0.7,0.4,1.5,0.4,0.322,0.796,21.3
1630249,Vít Krejčí,203,6.5,2.4,1.8,0.6,0.3,0.7,0.458,0.393,0.754,19.4
1642845,VJ Edgecombe,75,16.0,5.6,4.2,1.4,0.5,1.8,0.438,0.354,0.818,35.0
1642884,Vladislav Goldin,9,0.8,1.0,0.3,0.0,0.3,0.3,0.75,0.0,1.0,2.6
1631117,Walker Kessler,201,9.5,9.3,1.2,0.5,2.4,1.1,0.681,0.266,0.545,25.3
1642383,Walter Clayton Jr.,69,7.8,2.0,4.0,0.6,0.3,1.7,0.384,0.307,0.901,20.4
1628976,Wendell Carter Jr.,461,11.9,8.1,2.0,0.7,0.7,1.5,0.51,0.316,0.74,27.6
1631111,Wendell Moore Jr.,96,2.3,1.4,0.7,0.4,0.1,0.4,0.464,0.246,0.828,8.2
1642954,Will Richard,69,6.4,2.5,1.3,1.2,0.1,0.8,0.468,0.335,0.852,19.9
1642860,Will Riley,74,10.3,2.9,2.0,0.7,0.1,1.3,0.439,0.316,0.8,22.1
1630214,Xavier Tillman,290,4.9,3.5,1.1,0.8,0.5,0.6,0.506,0.246,0.572,15.0
1642905,Yang Hansen,43,2.2,1.5,0.5,0.1,0.2,0.7,0.31,0.119,0.824,7.0
1642949,Yanic Konan Niederhäuser,41,4.3,2.9,0.3,0.1,0.7,0.6,0.64,0.2,0.758,10.3
1642530,Yuki Kawamura,40,2.5,1.1,1.7,0.3,0.0,0.5,0.341,0.3,0.857,7.5
1642274,Yves Missi,139,7.5,7.1,1.3,0.4,1.4,1.0,0.546,0.0,0.601,23.4
1642258,Zaccharie Risacher,142,11.1,3.7,1.2,0.8,0.5,1.1,0.457,0.36,0.686,23.6
1628380,Zach Collins,388,8.0,4.9,1.8,0.4,0.7,1.4,0.485,0.334,0.765,18.9
1641744,Zach Edey,77,9.9,8.7,1.0,0.6,1.4,1.5,0.589,0.333,0.723,22.1
203897,Zach LaVine,693,20.7,4.0,3.9,0.9,0.3,2.6,0.47,0.391,0.835,32.7
1630192,Zeke Nnaji,303,4.1,2.3,0.4,0.3,0.5,0.4,0.503,0.345,0.671,12.0
1630533,Ziaire Williams,269,8.7,3.0,1.2,0.8,0.3,1.0,0.422,0.322,0.824,21.4
1629627,Zion Williamson,276,23.8,6.4,4.1,1.0,0.6,2.7,0.591,0.324,0.695,31.0
1642389,Zyon Pullin,8,2.9,0.4,1.1,0.1,0.0,0.4,0.643,0.333,1.0,5.6
